{
  "token": "***",
  "job": "debug",
  "ref": "refs/heads/build/reusable-workflows",
  "sha": "e3e5866d4adf01b01ea7518b9a1da91f8ab3dfca",
  "repository": "gilesbradshaw/batch-example",
  "repository_owner": "gilesbradshaw",
  "repository_owner_id": "597115",
  "repositoryUrl": "git://github.com/gilesbradshaw/batch-example.git",
  "run_id": "6669330844",
  "run_number": "9",
  "retention_days": "90",
  "run_attempt": "1",
  "artifact_cache_size_limit": "10",
  "repository_visibility": "public",
  "repo-self-hosted-runners-disabled": false,
  "enterprise-managed-business-id": "",
  "repository_id": "710682203",
  "actor_id": "597115",
  "actor": "gilesbradshaw",
  "triggering_actor": "gilesbradshaw",
  "workflow": "build-develop",
  "head_ref": "",
  "base_ref": "",
  "event_name": "push",
  "event": {
    "after": "e3e5866d4adf01b01ea7518b9a1da91f8ab3dfca",
    "base_ref": null,
    "before": "0000000000000000000000000000000000000000",
    "commits": [
      {
        "author": {
          "email": "giles.bradshaw@sigyl.com",
          "name": "gilesbradshaw",
          "username": "gilesbradshaw"
        },
        "committer": {
          "email": "giles.bradshaw@sigyl.com",
          "name": "gilesbradshaw",
          "username": "gilesbradshaw"
        },
        "distinct": true,
        "id": "e3e5866d4adf01b01ea7518b9a1da91f8ab3dfca",
        "message": "develop/reusable-workflows -> build/reusable-workflows",
        "timestamp": "2023-10-27T15:41:44Z",
        "tree_id": "1babdfaed8745400a3df5125208df2e56d22bebb",
        "url": "https://github.com/gilesbradshaw/batch-example/commit/e3e5866d4adf01b01ea7518b9a1da91f8ab3dfca"
      }
    ],
    "compare": "https://github.com/gilesbradshaw/batch-example/commit/e3e5866d4adf",
    "created": true,
    "deleted": false,
    "forced": false,
    "head_commit": {
      "author": {
        "email": "giles.bradshaw@sigyl.com",
        "name": "gilesbradshaw",
        "username": "gilesbradshaw"
      },
      "committer": {
        "email": "giles.bradshaw@sigyl.com",
        "name": "gilesbradshaw",
        "username": "gilesbradshaw"
      },
      "distinct": true,
      "id": "e3e5866d4adf01b01ea7518b9a1da91f8ab3dfca",
      "message": "develop/reusable-workflows -> build/reusable-workflows",
      "timestamp": "2023-10-27T15:41:44Z",
      "tree_id": "1babdfaed8745400a3df5125208df2e56d22bebb",
      "url": "https://github.com/gilesbradshaw/batch-example/commit/e3e5866d4adf01b01ea7518b9a1da91f8ab3dfca"
    },
    "pusher": {
      "email": "giles.bradshaw@sigyl.com",
      "name": "gilesbradshaw"
    },
    "ref": "refs/heads/build/reusable-workflows",
    "repository": {
      "allow_forking": true,
      "archive_url": "https://api.github.com/repos/gilesbradshaw/batch-example/{archive_format}{/ref}",
      "archived": false,
      "assignees_url": "https://api.github.com/repos/gilesbradshaw/batch-example/assignees{/user}",
      "blobs_url": "https://api.github.com/repos/gilesbradshaw/batch-example/git/blobs{/sha}",
      "branches_url": "https://api.github.com/repos/gilesbradshaw/batch-example/branches{/branch}",
      "clone_url": "https://github.com/gilesbradshaw/batch-example.git",
      "collaborators_url": "https://api.github.com/repos/gilesbradshaw/batch-example/collaborators{/collaborator}",
      "comments_url": "https://api.github.com/repos/gilesbradshaw/batch-example/comments{/number}",
      "commits_url": "https://api.github.com/repos/gilesbradshaw/batch-example/commits{/sha}",
      "compare_url": "https://api.github.com/repos/gilesbradshaw/batch-example/compare/{base}...{head}",
      "contents_url": "https://api.github.com/repos/gilesbradshaw/batch-example/contents/{+path}",
      "contributors_url": "https://api.github.com/repos/gilesbradshaw/batch-example/contributors",
      "created_at": 1698393791,
      "default_branch": "main",
      "deployments_url": "https://api.github.com/repos/gilesbradshaw/batch-example/deployments",
      "description": null,
      "disabled": false,
      "downloads_url": "https://api.github.com/repos/gilesbradshaw/batch-example/downloads",
      "events_url": "https://api.github.com/repos/gilesbradshaw/batch-example/events",
      "fork": false,
      "forks": 0,
      "forks_count": 0,
      "forks_url": "https://api.github.com/repos/gilesbradshaw/batch-example/forks",
      "full_name": "gilesbradshaw/batch-example",
      "git_commits_url": "https://api.github.com/repos/gilesbradshaw/batch-example/git/commits{/sha}",
      "git_refs_url": "https://api.github.com/repos/gilesbradshaw/batch-example/git/refs{/sha}",
      "git_tags_url": "https://api.github.com/repos/gilesbradshaw/batch-example/git/tags{/sha}",
      "git_url": "git://github.com/gilesbradshaw/batch-example.git",
      "has_discussions": false,
      "has_downloads": true,
      "has_issues": true,
      "has_pages": false,
      "has_projects": true,
      "has_wiki": true,
      "homepage": null,
      "hooks_url": "https://api.github.com/repos/gilesbradshaw/batch-example/hooks",
      "html_url": "https://github.com/gilesbradshaw/batch-example",
      "id": 710682203,
      "is_template": false,
      "issue_comment_url": "https://api.github.com/repos/gilesbradshaw/batch-example/issues/comments{/number}",
      "issue_events_url": "https://api.github.com/repos/gilesbradshaw/batch-example/issues/events{/number}",
      "issues_url": "https://api.github.com/repos/gilesbradshaw/batch-example/issues{/number}",
      "keys_url": "https://api.github.com/repos/gilesbradshaw/batch-example/keys{/key_id}",
      "labels_url": "https://api.github.com/repos/gilesbradshaw/batch-example/labels{/name}",
      "language": "Dockerfile",
      "languages_url": "https://api.github.com/repos/gilesbradshaw/batch-example/languages",
      "license": null,
      "master_branch": "main",
      "merges_url": "https://api.github.com/repos/gilesbradshaw/batch-example/merges",
      "milestones_url": "https://api.github.com/repos/gilesbradshaw/batch-example/milestones{/number}",
      "mirror_url": null,
      "name": "batch-example",
      "node_id": "R_kgDOKlwmWw",
      "notifications_url": "https://api.github.com/repos/gilesbradshaw/batch-example/notifications{?since,all,participating}",
      "open_issues": 0,
      "open_issues_count": 0,
      "owner": {
        "avatar_url": "https://avatars.githubusercontent.com/u/597115?v=4",
        "email": "giles.bradshaw@sigyl.com",
        "events_url": "https://api.github.com/users/gilesbradshaw/events{/privacy}",
        "followers_url": "https://api.github.com/users/gilesbradshaw/followers",
        "following_url": "https://api.github.com/users/gilesbradshaw/following{/other_user}",
        "gists_url": "https://api.github.com/users/gilesbradshaw/gists{/gist_id}",
        "gravatar_id": "",
        "html_url": "https://github.com/gilesbradshaw",
        "id": 597115,
        "login": "gilesbradshaw",
        "name": "gilesbradshaw",
        "node_id": "MDQ6VXNlcjU5NzExNQ==",
        "organizations_url": "https://api.github.com/users/gilesbradshaw/orgs",
        "received_events_url": "https://api.github.com/users/gilesbradshaw/received_events",
        "repos_url": "https://api.github.com/users/gilesbradshaw/repos",
        "site_admin": false,
        "starred_url": "https://api.github.com/users/gilesbradshaw/starred{/owner}{/repo}",
        "subscriptions_url": "https://api.github.com/users/gilesbradshaw/subscriptions",
        "type": "User",
        "url": "https://api.github.com/users/gilesbradshaw"
      },
      "private": false,
      "pulls_url": "https://api.github.com/repos/gilesbradshaw/batch-example/pulls{/number}",
      "pushed_at": 1698421304,
      "releases_url": "https://api.github.com/repos/gilesbradshaw/batch-example/releases{/id}",
      "size": 87,
      "ssh_url": "git@github.com:gilesbradshaw/batch-example.git",
      "stargazers": 0,
      "stargazers_count": 0,
      "stargazers_url": "https://api.github.com/repos/gilesbradshaw/batch-example/stargazers",
      "statuses_url": "https://api.github.com/repos/gilesbradshaw/batch-example/statuses/{sha}",
      "subscribers_url": "https://api.github.com/repos/gilesbradshaw/batch-example/subscribers",
      "subscription_url": "https://api.github.com/repos/gilesbradshaw/batch-example/subscription",
      "svn_url": "https://github.com/gilesbradshaw/batch-example",
      "tags_url": "https://api.github.com/repos/gilesbradshaw/batch-example/tags",
      "teams_url": "https://api.github.com/repos/gilesbradshaw/batch-example/teams",
      "topics": [],
      "trees_url": "https://api.github.com/repos/gilesbradshaw/batch-example/git/trees{/sha}",
      "updated_at": "2023-10-27T08:08:07Z",
      "url": "https://github.com/gilesbradshaw/batch-example",
      "visibility": "public",
      "watchers": 0,
      "watchers_count": 0,
      "web_commit_signoff_required": false
    },
    "sender": {
      "avatar_url": "https://avatars.githubusercontent.com/u/597115?v=4",
      "events_url": "https://api.github.com/users/gilesbradshaw/events{/privacy}",
      "followers_url": "https://api.github.com/users/gilesbradshaw/followers",
      "following_url": "https://api.github.com/users/gilesbradshaw/following{/other_user}",
      "gists_url": "https://api.github.com/users/gilesbradshaw/gists{/gist_id}",
      "gravatar_id": "",
      "html_url": "https://github.com/gilesbradshaw",
      "id": 597115,
      "login": "gilesbradshaw",
      "node_id": "MDQ6VXNlcjU5NzExNQ==",
      "organizations_url": "https://api.github.com/users/gilesbradshaw/orgs",
      "received_events_url": "https://api.github.com/users/gilesbradshaw/received_events",
      "repos_url": "https://api.github.com/users/gilesbradshaw/repos",
      "site_admin": false,
      "starred_url": "https://api.github.com/users/gilesbradshaw/starred{/owner}{/repo}",
      "subscriptions_url": "https://api.github.com/users/gilesbradshaw/subscriptions",
      "type": "User",
      "url": "https://api.github.com/users/gilesbradshaw"
    }
  },
  "server_url": "https://github.com",
  "api_url": "https://api.github.com",
  "graphql_url": "https://api.github.com/graphql",
  "ref_name": "build/reusable-workflows",
  "ref_protected": false,
  "ref_type": "branch",
  "secret_source": "Actions",
  "workflow_ref": "gilesbradshaw/batch-example/.github/workflows/build-develop.yml@refs/heads/build/reusable-workflows",
  "workflow_sha": "e3e5866d4adf01b01ea7518b9a1da91f8ab3dfca",
  "workspace": "/home/runner/work/batch-example/batch-example",
  "action": "__run"
}